hotel,fold,Naive_ME,Naive_MAE,Naive_RMSE,Naive_MAPE,Seasonal_ME,Seasonal_MAE,Seasonal_RMSE,Seasonal_MAPE,ETS_ME,ETS_MAE,ETS_RMSE,ETS_MAPE,ARIMA_ME,ARIMA_MAE,ARIMA_RMSE,ARIMA_MAPE,LGBM_ME,LGBM_MAE,LGBM_RMSE,LGBM_MAPE,NBEATS_ME,NBEATS_MAE,NBEATS_RMSE,NBEATS_MAPE,NHITS_ME,NHITS_MAE,NHITS_RMSE,NHITS_MAPE
hotel_0,1,-0.14462081128747792,0.14462081128747792,0.2133236982604383,0.22193884218156446,-0.1322751322751323,0.13824447157780492,0.20515489709111495,0.21270856269825103,-0.10910110408160602,0.1296380517573483,0.17648367690713257,0.19251096326840833,-0.41373258779441974,0.41373258779441974,0.47098499031606317,0.5621168925994071,,,,,,,,,,,,
hotel_0,2,-0.20078686745353408,0.20729887396554061,0.2776669611179409,0.39266556870442204,-0.22547822547822544,0.22547822547822544,0.29601352219025157,0.4215982071492542,-0.007996528966126378,0.13937039223727343,0.17520937750571897,0.24052794566959443,-0.0020441009741620788,0.16986823825629696,0.19761386942659942,0.2810590552042126,,,,,,,,,,,,
hotel_0,3,0.48012481345814684,0.48012481345814684,0.5368346682461623,0.6209360534880524,-0.27296160629493954,0.27296160629493954,0.3635652115423869,0.596058722155569,0.49043359554495675,0.49050035346013154,0.5412236760115353,0.6505967687252144,0.18587127099454648,0.2529793889754927,0.30229041738191836,0.33453943334134406,,,,,,,,,,,,
hotel_0,4,-0.1982091982091982,0.19875186541853207,0.27641247854766327,0.36178266651082147,0.4314204314204314,0.4327770994437661,0.4724833972629307,0.510714427494061,-0.1060242397246277,0.15278556119500916,0.20585652535128332,0.27003521079341797,0.1273073120174752,0.20329817760786742,0.23054847748444826,0.2700359319330841,,,,,,,,,,,,
hotel_0,5,-0.288698955365622,0.2895129561796228,0.34398386621744964,0.5498689073630627,-0.30104463437796775,0.30158730158730157,0.35440892381043,0.5689675434303757,-0.18723025207808086,0.20520615425228786,0.24496463826499773,0.38831460320286015,-0.1668408856358046,0.19960642171550133,0.2497387729279455,0.3908918132023832,,,,,,,,,,,,
hotel_105,1,0.043126684636118566,0.11002833644343078,0.1289935942674072,0.1335135034737595,-0.12039532794249776,0.1313152256548483,0.171097841671667,0.18273559790286148,0.11869558958165215,0.13453136115839298,0.1601370567992531,0.15472466346263175,0.05741457040863054,0.11409690142927624,0.1344678844419813,0.1362036837801959,,,,,,,,,,,,
hotel_105,2,0.19144377634943682,0.19959914299536952,0.21445151476225907,0.21022925652654254,-0.003524777109682779,0.07319095998341281,0.09670137917613793,0.08820623211840309,0.244032909986883,0.2473449980123629,0.26669516690270123,0.26249176082317266,-0.08405530303883488,0.09731494550768212,0.13084394775105668,0.11677697546438014,,,,,,,,,,,,
hotel_105,3,-0.2671228142926256,0.2671228142926256,0.3378550130432092,0.5016005322240555,-0.2545441979404243,0.25606469002695414,0.3280002448595861,0.48434583416203497,-0.2519705990032176,0.25312695063434903,0.32212140861824656,0.4758990093259479,-0.3276231698802702,0.32795667973813153,0.3985822984058883,0.5975217235435342,,,,,,,,,,,,
hotel_105,4,-0.275692860598521,0.2774898057916926,0.32611832498180743,0.488562704374916,0.09537632179141618,0.16241620015204924,0.1986032508857899,0.22088999549637572,-0.21873119612398742,0.2287389406005465,0.26571322466325875,0.39706328584597117,-0.18486112968306254,0.20951615853404537,0.25363000225108956,0.37435738749776487,,,,,,,,,,,,
hotel_105,5,0.10532863363052038,0.14817886515999723,0.16408458388543296,0.16385624511751087,0.07388209275001725,0.13083143271822514,0.14590474027770806,0.14857827108652422,0.18818185863628495,0.19415199336913125,0.22368609276022497,0.20445207975444624,0.13725920939917569,0.16848981799687732,0.18646543488111175,0.18269614433869336,,,,,,,,,,,,
hotel_112,1,-0.004739010989011011,0.08083791208791209,0.10175528511802497,0.09900496649135838,0.007760989010989055,0.08427197802197803,0.10194073167642695,0.1014455263279406,-0.05843207333717127,0.08065694970898567,0.11739003537776128,0.10369082796870753,-0.04289785299182995,0.07817643783670274,0.1104324875974087,0.10018033492922156,,,,,,,,,,,,
hotel_112,2,0.23495879120879115,0.23646978021978018,0.25054456486524807,0.2511992385045072,-0.040041208791208836,0.06545329670329673,0.09576139002062013,0.07976131631799427,0.062322579054336455,0.09667698523838361,0.11061061877254445,0.10562094704708783,0.04937068039197755,0.08779364951852257,0.09995304140825616,0.09664673221910737,,,,,,,,,,,,
hotel_112,3,-0.1262362637362638,0.1303571428571429,0.18081726477789187,0.18272176979962834,0.09251373626373624,0.13853021978021976,0.159116562171079,0.1604431385876924,-0.058594813541343015,0.1046549904408192,0.13929908726496606,0.14347314126191812,-0.05115934181643102,0.10637836133631841,0.13942887403873017,0.14520819880771865,,,,,,,,,,,,
hotel_112,4,0.32884615384615384,0.32994505494505494,0.3515285011032705,0.37387564834185555,0.3038461538461538,0.3059065934065934,0.3282605358485915,0.34554509193049693,0.17620880784729145,0.19469085454785967,0.21574988198456338,0.22083585503103462,0.11974932781231959,0.15228338097320998,0.17089283245630868,0.17644155180620627,,,,,,,,,,,,
hotel_112,5,0.10109890109890113,0.11936813186813187,0.14586505411163092,0.13074135800956702,0.03859890109890113,0.09601648351648352,0.11200670236028903,0.11026222414400162,-0.026842413930273493,0.08955477164029528,0.10506436496168638,0.11076637959505825,-0.04093626042148264,0.09463537761269193,0.11248545502613903,0.11877430246328777,,,,,,,,,,,,
hotel_126,1,-0.024736219955343478,0.0499540300337113,0.0877100776650529,0.06133091504864393,-0.032704347445383315,0.04741473665776454,0.09028151243836598,0.05922075021385025,0.07676649560407846,0.10836971236865882,0.12749707447408862,0.11346698339304051,0.024071613282399876,0.07609405836765278,0.08765633516832894,0.0852087114751504,,,,,,,,,,,,
hotel_126,2,-0.03266056652510835,0.0330108138873079,0.08199010404275402,0.043261086164961035,-0.03266056652510835,0.0330108138873079,0.08199010404275402,0.043261086164961035,0.0019464047678399545,0.054615094119381556,0.0772358268343254,0.06292842183999214,-0.026653652872760118,0.030189307510564794,0.07976860450696538,0.040168128000410024,,,,,,,,,,,,
hotel_126,3,-0.05096099120003504,0.059804737095573754,0.11036378929362844,0.07907507411763043,-0.0429928637099952,0.05962961341447398,0.10691833188534411,0.07825459820887092,-0.03212052294795492,0.061019324917061434,0.10459663173368387,0.07887673792971558,-0.041964343324733866,0.059678174814515525,0.10648693461360939,0.07821842450821002,,,,,,,,,,,,
hotel_126,4,-0.08208922551552034,0.09513593975745369,0.1543094728922263,0.13319846836723437,-0.010376078105161736,0.11002145265093473,0.1310741602123896,0.13891091189489727,-0.04245107043050757,0.09482911144425285,0.13401204037116324,0.1260584232976172,-0.06376451351080797,0.0961023398464867,0.14533493824304464,0.13169488551611483,,,,,,,,,,,,
hotel_126,5,-0.017293463508602946,0.020095442406199374,0.040295550891768894,0.021995146619659848,-0.013309399763583028,0.019263604920975435,0.03875316327236551,0.021075679068222126,0.033295881845481726,0.04878237163821798,0.0630819576679293,0.05015699370390856,-0.0045179486709981415,0.020033789067867028,0.03661599183597009,0.021662271767944326,,,,,,,,,,,,
hotel_133,1,-0.17600432354530718,0.17600432354530718,0.23222648412170274,0.26548970856733206,-0.17600432354530718,0.17600432354530718,0.23222648412170274,0.26548970856733206,-0.07544134773488133,0.11285904258368339,0.15752336861906333,0.17152374445717006,-0.19873542861633475,0.2135283473413995,0.2542678455659,0.30438637095109905,,,,,,,,,,,,
hotel_133,2,-0.08034588362457215,0.08034588362457215,0.11965497886818383,0.09967312500879218,-0.04755899837867048,0.06665465681859124,0.1006166550791399,0.08277998105546241,0.009151738835188073,0.07131748711841984,0.08849294477626332,0.08180695396465333,-0.10267917292267412,0.11477347949003873,0.1470582137932856,0.13579219509178952,,,,,,,,,,,,
hotel_133,3,-0.15438659700954785,0.17672491442983246,0.21681038316915643,0.27780547153517504,-0.23635381012430187,0.23635381012430187,0.28113100944940683,0.36722792545965405,-0.10270543360632339,0.13099734968151774,0.16911148522103028,0.20678445022209577,-0.24396782793774643,0.24884314517640024,0.29515918052638607,0.3846948684538802,,,,,,,,,,,,
hotel_133,4,-0.1691587101423167,0.1958205728697532,0.2424181289138729,0.3450006537823561,0.09313637182489637,0.1655557557196901,0.19704381179269786,0.22916853527683226,-0.13226088688730378,0.16924553288271119,0.21574249849755373,0.2970844084352947,-0.02177858590065102,0.14483499425446683,0.17534936450040003,0.23513189666514178,,,,,,,,,,,,
hotel_133,5,-0.05242298684921633,0.07692307692307691,0.10899949481845116,0.0950929767158348,-0.06881642947216716,0.07998558818230948,0.1177642614963564,0.09987104728412334,-0.009472007825161062,0.06562083183405583,0.08157378384853303,0.07637903604721671,0.022274933832610325,0.08492871231895681,0.09787019968450297,0.09642439602638662,,,,,,,,,,,,
hotel_14,1,0.008500933029234969,0.12544059713871036,0.14725033284208622,0.18883949179677584,-0.2179141613103877,0.21812150114036905,0.26286303726341465,0.3592072778911568,0.08716656443295565,0.1354622931324096,0.15723353371966628,0.1812157232317399,-0.006063533256959003,0.1246910056814118,0.14716295632779855,0.1915989644050257,,,,,,,,,,,,
hotel_14,2,0.04416338378602535,0.10284055567074439,0.12290836849726422,0.13482030794661348,-0.19168567281774826,0.19168567281774826,0.22338186977196778,0.2804379858181014,0.0843444907487936,0.11071510049590352,0.12591289809203646,0.14140136503563014,0.07565863440444993,0.11455242068351897,0.13737590752395795,0.14513567528773577,,,,,,,,,,,,
hotel_14,3,-0.11652498444951277,0.13808832676757207,0.1763158593101529,0.23053522859989148,-0.18256272029856938,0.1854654779183081,0.22547362836068463,0.30477925453715476,-0.10239725560642898,0.11754347163103177,0.15168136714940528,0.19230380897165508,-0.03788073872112369,0.10936126508337415,0.13512034419508914,0.17443860680930443,,,,,,,,,,,,
hotel_14,4,-0.11590296495956874,0.1347708894878706,0.17402112341341483,0.21646689583103265,0.101078167115903,0.1431681526021149,0.16451945166197934,0.18824552277531043,-0.06188945953448063,0.0995278287644725,0.12259200490698026,0.15146351941787944,0.014598716917004415,0.10454422975741787,0.13050384997274642,0.15281158577284493,,,,,,,,,,,,
hotel_14,5,-0.023636740617872656,0.11217084801990464,0.13701123588172912,0.18889450825340764,-0.12741032552353312,0.14544889073190964,0.18559842213988484,0.26190693314213775,0.03962831941995208,0.10467874870994619,0.12361590804417157,0.15645938521349,-0.04763664030964851,0.11845318105512066,0.1463933266028138,0.20467411631903315,,,,,,,,,,,,
hotel_21,1,-0.008801383801383832,0.017450142450142453,0.039621017972730536,0.019653756687342826,-0.02269027269027267,0.02330077330077329,0.0448018881648431,0.025865708288445328,-0.015156367961730798,0.01871128578599374,0.041497905949186814,0.021063593057705346,-0.01516076516076513,0.018713073658128576,0.04149951214937405,0.021065496705739505,,,,,,,,,,,,
hotel_21,2,-0.06710419210419206,0.08084045584045585,0.15011837910083187,0.1286489639861094,-0.09488196988196987,0.09508547008547008,0.16442367029898036,0.1469655916005993,-0.07752232375149795,0.08381494711015854,0.15470392713318856,0.13295593410465953,-0.07646659806334649,0.08326183330208936,0.15462787159321745,0.13241780674509354,,,,,,,,,,,,
hotel_21,3,0.4424094424094424,0.4424094424094424,0.45616240506764993,0.4940461002992117,0.08592796092796097,0.12316849816849819,0.14050494487136816,0.14108181903434613,0.4368754575404544,0.4368754575404544,0.4502634914000111,0.48818404716018865,0.4161922245520192,0.4161922245520192,0.4310414371745359,0.46331991696542824,,,,,,,,,,,,
hotel_21,4,-0.020553520553520537,0.02207977207977207,0.043174128088793604,0.02431935759177664,0.09055759055759051,0.09411884411884407,0.09819488447307106,0.09561491748126612,-0.014617688256990342,0.02905088743015773,0.03988188373084418,0.030729213714243094,0.07458995364199668,0.08038701650854677,0.085006359616591,0.08185153978312158,,,,,,,,,,,,
hotel_21,5,-0.015720390720390734,0.03647741147741147,0.05846207472971748,0.04111779381999951,-0.029609279609279573,0.03663003663003662,0.06361912398235159,0.04184785813280976,-0.01217642352624668,0.03619493768811698,0.05543081671178468,0.040399626946404366,-0.014766439730348623,0.03661928846538312,0.05815934844965741,0.04122042553869361,,,,,,,,,,,,
hotel_28,1,-0.3718864468864469,0.3718864468864469,0.4180115657594525,0.7942262128777441,-0.3718864468864469,0.3718864468864469,0.4180115657594525,0.7942262128777441,-0.2962512965540095,0.3000133533061364,0.3453473335451919,0.6468157006685576,-0.29667944032271343,0.3058188999557407,0.3524451837909481,0.665053340762289,,,,,,,,,,,,
hotel_28,2,-0.029487179487179466,0.12765567765567765,0.16393363557926993,inf,-0.13782051282051289,0.16474358974358977,0.2121302356436651,inf,0.05441124461457695,0.11957955413728127,0.1600964917524616,inf,-0.0012124081988091878,0.12385469299322577,0.16107792245156685,inf,,,,,,,,,,,,
hotel_28,3,0.09926739926739926,0.14597069597069598,0.22396485530157714,inf,-0.5257326007326006,0.5275641025641025,0.5627619455204903,inf,0.13704270282107703,0.17510805198438492,0.25163650922880243,inf,-0.1501880082940501,0.23177647561825993,0.2520512487440927,inf,,,,,,,,,,,,
hotel_28,4,0.0002747252747252747,0.0002747252747252747,0.0019533634622437308,,0.0002747252747252747,0.0002747252747252747,0.0019533634622437308,,0.039358703924812076,0.05803050497354499,0.06387736324423972,inf,0.11118213787990239,0.11118213787990239,0.12449841969847761,inf,,,,,,,,,,,,
hotel_28,5,0.01327838827838828,0.01327838827838828,0.0785776720796089,,0.01327838827838828,0.01327838827838828,0.0785776720796089,,0.005683175003383135,0.021778492197135926,0.07969083996329966,inf,0.10101419589093223,0.10101419589093223,0.1417999359089096,inf,,,,,,,,,,,,
hotel_35,1,0.021505837912087912,0.12774725274725274,0.1573431988263369,1.8789115689654046,-0.029275412087912088,0.13976648351648352,0.1585920266139514,2.3650037401836492,0.02951756387384945,0.11553146132687796,0.15477039245872315,1.6966758341681518,0.0484198704164381,0.12464236299185344,0.16303517321895836,1.6338199819068893,,,,,,,,,,,,
hotel_35,2,-0.07823231456043957,0.12480683379120878,0.15679835419083046,0.6691968834098235,-0.12315418956043957,0.14049622252747251,0.1833913390587414,0.7630109133189341,-0.48726430984215685,0.4965756880503617,0.6199215931263157,2.2701861934610292,-0.06753264970755507,0.12289503730541243,0.15161727600760191,0.6491079538378316,,,,,,,,,,,,
hotel_35,3,0.2705829326923077,0.2705829326923077,0.303303645462025,0.6877597818492066,0.028395432692307692,0.119140625,0.13994384046454922,0.4393313829030974,0.31880605195209516,0.31880605195209516,0.3515847182103403,0.8493877783729151,0.2506769748941747,0.2509409129010398,0.28562319838135436,0.6229150786700663,,,,,,,,,,,,
hotel_35,4,0.13573145604395603,0.1771978021978022,0.22015418839309958,0.26952890661197226,0.04979395604395604,0.15491929945054944,0.18034488228313947,0.26954284415333557,0.11817646019457974,0.17333908610721777,0.2142290156127305,0.2708117801749,0.13294478542075,0.17594422120080028,0.21837328517087895,0.2684382941960299,,,,,,,,,,,,
hotel_35,5,-0.14176253434065933,0.15300910027472528,0.18724327537552835,0.2555403009141253,-0.14762190934065933,0.15732314560439561,0.19171764693958449,0.2624759934818026,-0.17713371104860248,0.18230123650004326,0.21538653119063406,0.29873757918234645,-0.13407265955600267,0.1474081973407956,0.1810965292867487,0.24636426141506615,,,,,,,,,,,,
hotel_42,1,-0.31031721315122124,0.3145882457623348,0.38829234543387475,0.7297097917028544,-0.25363705120790137,0.2743693553410152,0.3446823559308464,0.6468770683880922,-0.14992590888612975,0.22356164591822775,0.26406405366166735,0.48357156199082646,-0.11213333081280921,0.21189564059025004,0.25868367694606037,0.48232243514597684,,,,,,,,,,,,
hotel_42,2,-0.008897984606486574,0.18863727365751654,0.22834664392981924,0.419337252040532,-0.3408817902745029,0.3408817902745029,0.4101992328182789,0.8096350803778092,-0.04143999312488792,0.16153523063611896,0.20376088589436508,0.37414490512913684,-0.10458938479205708,0.19566569803099085,0.2509387560594475,0.4865064826287781,,,,,,,,,,,,
hotel_42,3,0.12781954887218044,0.2518574542866041,0.29059410863786983,0.48257789181327376,-0.3458646616541354,0.34604262134626507,0.43327758202136407,0.9872022592354897,0.06298856818636048,0.21373907282733315,0.25163643619977794,0.45656752715085686,-0.07408723509480152,0.22629837051488053,0.2726662072435206,0.6113269418463949,,,,,,,,,,,,
hotel_42,4,-0.19210748765404634,0.27281220803488004,0.32469922980125815,0.8135102715141779,0.4111313787427147,0.41718200827512564,0.4873944127784665,0.6195389042939119,-0.03156690146158571,0.20408731905806748,0.24200187561721534,0.5193930508001147,-0.048247585616809405,0.23414332172187155,0.26501686884173514,0.6208847086932663,,,,,,,,,,,,
hotel_42,5,0.3491124260355029,0.3712684077056546,0.42369767685721604,0.4871916269889566,-0.2784179383369667,0.2805534546425235,0.36763675516685534,0.6807127482280807,0.3396036165176797,0.35711118260617347,0.4020037788105212,0.4790366537337365,0.07059632503911446,0.21673840136551764,0.2516261413390571,0.40035876137366494,,,,,,,,,,,,
hotel_49,1,-0.059455828014779936,0.06598205288161617,0.10049716829051099,0.08073987217160812,-0.059455828014779936,0.06598205288161617,0.10049716829051099,0.08073987217160812,-0.04279421604016149,0.054218655584771534,0.08575105275911192,0.06663597347529514,-0.05216143395155593,0.06315797774089289,0.0963349295139481,0.07724875196778089,,,,,,,,,,,,
hotel_49,2,-0.10734680166994581,0.1252939200537454,0.1774073297338217,0.18424929256994432,-0.15101492394068805,0.15111089783578857,0.20677410879346103,0.21928402956790954,-0.03573356254979353,0.09883074861790589,0.13568651383564942,0.1411472892373663,-0.06513853254161506,0.11284060221232625,0.1551006575736146,0.1631350414811097,,,,,,,,,,,,
hotel_49,3,0.009069533087000295,0.07500359902106625,0.08931371363221462,0.08630118514992284,-0.07389989922741015,0.07447574259801334,0.11556763438862294,0.09206091710282,0.06010949147925354,0.08873709408500614,0.09952016848541259,0.09632485958877259,0.08981841336618565,0.1172391183894938,0.126146517234339,0.12527837470003447,,,,,,,,,,,,
hotel_49,4,-0.11694419117999899,0.11847977350160752,0.13857622656743082,0.1430965870450194,-0.05580882000095969,0.08671241422333123,0.09296263286301266,0.10239787679231716,-0.07164657358712177,0.08691725879172135,0.10216928195683311,0.10380948678376298,-0.08972932964551202,0.1019947481559287,0.11640193493986356,0.1225442912858731,,,,,,,,,,,,
hotel_49,5,-0.14434473823120117,0.14434473823120117,0.1716251283941627,0.23687898756258222,-0.1312443015499784,0.13316377945198904,0.1607633289361119,0.2195803838008163,-0.10081279206603837,0.11210504039870459,0.13432643648281437,0.18294694711843443,-0.13391217713766732,0.13534528425427547,0.16303465502715378,0.22301349007931237,,,,,,,,,,,,
hotel_56,1,-0.05430402930402929,0.054853479853479846,0.11458437395464861,0.07399484970544994,-0.0626373626373626,0.0626373626373626,0.11876064311921837,0.0823953562368781,-0.030157239625170282,0.0658747278963538,0.09807398422003248,0.08122433217292596,-0.051640112450851254,0.05475594889884478,0.1133392589579385,0.07369908256208882,,,,,,,,,,,,
hotel_56,2,-0.0027472527472527973,0.12655677655677655,0.1509786956645425,0.16846275943414757,-0.10274725274725276,0.1076923076923077,0.18260344217461263,0.16564380426538572,-0.015041028510612979,0.11187348740592938,0.14143764554057364,0.15155805257381727,-0.04737508058057179,0.11519210988139648,0.15852023068174886,0.1641769625237567,,,,,,,,,,,,
hotel_56,3,0.17023809523809527,0.18580586080586087,0.19812729778964366,0.1956364227253695,-0.06309523809523813,0.0674908424908425,0.11939190143986372,0.08854823837932044,0.131214996766877,0.14432908539644712,0.15752141982152104,0.15266703369265325,0.06714220350163,0.11039053979933452,0.12185164089283533,0.12199842464594589,,,,,,,,,,,,
hotel_56,4,-0.021245421245421246,0.02161172161172161,0.0523122259760468,0.024824169097766597,0.003754578754578777,0.03543956043956045,0.047950995029278846,0.03805608110497797,0.010957306868017708,0.04049277137871473,0.04923950196401723,0.041807699235007476,0.050810423510535975,0.06688621421627897,0.06954385083679307,0.06841453304020687,,,,,,,,,,,,
hotel_56,5,-0.06675824175824178,0.07005494505494507,0.11862884218351875,0.08946143372848661,-0.06675824175824178,0.07005494505494507,0.11862884218351875,0.08946143372848661,-0.04094700710151967,0.07335744254852712,0.10015089191448263,0.08834391507509405,-0.009783869845825258,0.07120084563612952,0.09630495601398169,0.08550794975038534,,,,,,,,,,,,
hotel_63,1,-0.0694993894993895,0.15897435897435896,0.18913250109672577,0.267484375742474,-0.13616605616605615,0.17533577533577535,0.22244579717794777,0.30950612960446605,0.053355386850981,0.11485263210462773,0.1474766970946082,0.16628077541586617,0.08432193490184511,0.16445753176649233,0.19442944761212297,0.22700421994407294,,,,,,,,,,,,
hotel_63,2,-0.10100122100122104,0.13050061050061054,0.1813990160914231,0.1977325895202269,-0.14544566544566542,0.1509157509157509,0.2094249220893524,0.2289057612620141,0.07598964359295188,0.12010891319663909,0.1520964326767927,0.14969926521164,-0.06719707576644837,0.1377675708873981,0.1876585006704816,0.20355892797224603,,,,,,,,,,,,
hotel_63,3,0.021636141636141665,0.16395604395604393,0.19362853411969674,0.27182344738582886,-0.2805860805860806,0.2845909645909646,0.340224095588631,0.5496849190799101,0.12519535470771015,0.16457708394441983,0.20035821970613205,0.23131129307337625,-0.041535802603563106,0.16443929980489205,0.1974025567800838,0.2981822400184515,,,,,,,,,,,,
hotel_63,4,-0.0893284493284493,0.18710622710622712,0.23286877412224954,0.39084284705859224,0.008449328449328422,0.18036630036630033,0.21522008561706918,0.3360278995705206,-0.016677292415660818,0.17511531188594523,0.21269122439272867,0.3189176588791027,0.03619842685828508,0.18380526182472667,0.21791594080376694,0.3275829428082834,,,,,,,,,,,,
hotel_63,5,-0.2488888888888889,0.24918192918192922,0.3030707043774635,0.41961008070768346,-0.20000000000000004,0.20732600732600737,0.26439775498197066,0.35757950371578645,-0.10089971324644216,0.13050190749702034,0.16324221789049484,0.21894060270318455,-0.04047631732178606,0.14582796946895452,0.17661608431779713,0.23733850167997644,,,,,,,,,,,,
hotel_7,1,0.07262769803486414,0.14439632029208577,0.16627758994633582,0.4369660705584449,-0.19773060815406096,0.20650034005082868,0.24793315187262308,0.9046877175049439,0.13282718503268895,0.16549761738633142,0.19366967271055593,0.41384542391029194,0.05875989968969321,0.13981941201844214,0.16115078176891529,0.44425454581965357,,,,,,,,,,,,
hotel_7,2,-0.015015928696710477,0.07343308157640406,0.08879574577343152,0.1917000666496248,-0.047589218598990575,0.08399255467659378,0.09961897449631621,0.23028156457776539,0.05636172957822987,0.07712083139044391,0.09721102740191942,0.17466020882700192,-0.0057928944291781225,0.0737141112138951,0.0910060970135535,0.1899479981928,,,,,,,,,,,,
hotel_7,3,-0.030228728925797345,0.08592547517628951,0.10567524018124975,0.1907965226835595,0.09680710169309516,0.11803343236567991,0.1400895973051274,0.2129606591082529,0.05276593889947585,0.08020207359261258,0.09650696050161778,0.15045805015857414,0.08825071831923728,0.11560289750703899,0.13794151081852096,0.21004302430650382,,,,,,,,,,,,
hotel_7,4,-0.2043526506067222,0.2043526506067222,0.23428905802224795,0.5354312405944591,-0.018684898163725525,0.09238644092064288,0.11610547927788754,0.24712589942615287,-0.11296108734768515,0.11915862459353824,0.14963727353971876,0.32379257154238117,-0.0988563689247587,0.11503355361955021,0.15070948539745446,0.32789434167169834,,,,,,,,,,,,
hotel_7,5,0.08393886244049113,0.16100511865984182,0.18763981027159127,0.32188457669131076,0.15234277123527934,0.1889250814332247,0.22665234549547408,0.3358295928706975,0.1930604633701553,0.20360124231549157,0.24332983620251084,0.3464304049876044,0.1626968917539201,0.19531358272326857,0.23419628935107875,0.34308889512949753,,,,,,,,,,,,
hotel_70,1,-0.07268170426065161,0.17486022749180646,0.19976322744266778,0.283727078880009,-0.1296992481203008,0.19023520339309816,0.22681404689094883,0.3227435507809386,0.0042802245416128535,0.1436685126125299,0.16820100325717766,0.21030613629625772,-0.036324472400373654,0.1689239370072241,0.18960323131056908,0.26365321842490375,,,,,,,,,,,,
hotel_70,2,-0.11591478696741854,0.1466647387700019,0.21142458659132873,0.25703999328998045,-0.1948621553884711,0.1948621553884711,0.26312616285776846,0.3305945849896034,-0.022737732579569816,0.12518780055535825,0.165096123080046,0.20337621611877163,-0.13214624399661232,0.1531022281482786,0.21994697269312682,0.2682805208413328,,,,,,,,,,,,
hotel_70,3,0.06024677077308656,0.14555619818777715,0.18921475856918935,0.33556302750792333,-0.5625602467707729,0.5625602467707729,0.5904630240062495,1.6780000549471275,0.14615617306315906,0.1724007562556377,0.22337370436958054,0.339031427372701,-0.16359692386513314,0.21078177503606424,0.24276061241216204,0.6729289489732092,,,,,,,,,,,,
hotel_70,4,-0.0659822633506844,0.08314054366685945,0.10527821851002496,0.33977654455320194,-0.03966647387700021,0.07427221900906113,0.09112229894817316,0.29432752461530887,0.033602684708442396,0.06872189781265206,0.09054736053582477,0.21035518954165983,-0.06490189615069011,0.08282012014965215,0.10486241257974832,0.33839084248918716,,,,,,,,,,,,
hotel_70,5,0.07181415076151919,0.1239637555427029,0.1624649197467341,0.26573361564642556,0.041112396375554285,0.11620397146712937,0.15141930865796224,0.266654313614223,0.13580187774753744,0.15171009280262623,0.19710651735694046,0.2972383003107146,0.06702006901375217,0.12245851868337253,0.16034028799729197,0.26528665751368624,,,,,,,,,,,,
hotel_77,1,0.006598217864520704,0.009496500477908305,0.01415195005006403,0.8394790711859172,0.00835568710880893,0.009958992384299944,0.01505186760146869,0.7242148358961021,0.010335952468768039,0.010842862827043423,0.015976039980452775,0.6056658039484684,0.007496363618443285,0.009732854623677406,0.014592350007169758,0.7805738676717539,,,,,,,,,,,,
hotel_77,2,0.003175777757222582,0.005210742145345789,0.011812421147899068,inf,0.003175777757222582,0.005210742145345789,0.011812421147899068,inf,0.0028142086272493366,0.005527423231068148,0.01141358312256027,inf,0.1781005573424978,0.1781005573424978,0.1988907347845566,inf,,,,,,,,,,,,
hotel_77,3,-0.0006166558751888508,0.0014799741004532419,0.001862259904485123,inf,-0.0023741251194770757,0.002805784232109271,0.0029536786498162,inf,0.005553577982447036,0.01228953310446896,0.014671707559386165,inf,-0.0020558598102523016,0.0025431809874462575,0.0026877873735423807,inf,,,,,,,,,,,,
hotel_77,4,0.0011716461628588166,0.0011716461628588166,0.0018622599044851229,,0.0011716461628588166,0.0011716461628588166,0.0018622599044851229,,0.08926923346810725,0.0902162852993063,0.10587830767329916,inf,0.0012212596483346513,0.0012262440739900754,0.0018852277330389567,inf,,,,,,,,,,,,
hotel_77,5,-0.0007399870502266208,0.0017266364505287824,0.002419146578599949,inf,-0.0024974562945148456,0.0031757777572225814,0.0033973485657583864,inf,0.046505579437709034,0.046505579437709034,0.05144859386552588,inf,-0.0005951007824089099,0.0017263488629714573,0.0025722763649346507,inf,,,,,,,,,,,,
hotel_84,1,-0.07977489638389292,0.1200045629111373,0.16258565984631168,0.17230161600900323,-0.14897904863302794,0.15126050420168072,0.20558409380640763,0.21812963497541762,0.2489500367391512,0.26037213563717837,0.31299540802381026,0.30428216094796995,0.1879557332220501,0.2069337553877762,0.2342392019320961,0.2320634415467227,,,,,,,,,,,,
hotel_84,2,-0.0355907068709837,0.05635195254572417,0.10533495431803111,0.07529788577603891,-0.05635195254572417,0.058709456633332074,0.11403638341038778,0.07924374353685529,0.03822556463986877,0.1225096092432312,0.1437891197478342,0.13696369266960695,-0.22857687287842754,0.22857687287842754,0.28454005581697767,0.2682422080260282,,,,,,,,,,,,
hotel_84,3,0.10821704247309787,0.21126278565724935,0.2572390868559963,0.38794999895941373,-0.40043347655804395,0.40149815582341525,0.463473827387528,1.0360882488162584,-0.165430170670877,0.23292753120949197,0.28174762967798894,0.6228676579859347,-0.3834083404369051,0.3947079670787716,0.4732629665710054,1.0453759382339376,,,,,,,,,,,,
hotel_84,4,0.11589794288756228,0.28799574128293853,0.33250377131824155,5.59317767210113,0.15050001901212975,0.29902277653142706,0.3460876774719612,5.142366017962684,0.10494653649007377,0.27025745072062907,0.3114887166204498,5.654992863809469,0.10822432803705838,0.28538077506090126,0.32992930965796496,5.69125781356852,,,,,,,,,,,,
hotel_84,5,-0.014867485455720749,0.1128940263888361,0.1405351064504339,0.15902727410965192,-0.025248108293091036,0.11239971101562797,0.14200894687884413,0.16040194599050586,0.1726847994583005,0.19621603870332896,0.2309072930703689,0.23026643948219103,0.11509872733403559,0.15881796345880073,0.18092069457934842,0.1914128493973029,,,,,,,,,,,,
hotel_91,1,-0.06926781084084453,0.12927521916285958,0.1745163961028981,0.19985106046779244,-0.17039140634646255,0.17039140634646255,0.23386144241149698,0.26651238527298965,-0.3069531914218467,0.3206780846270765,0.401735561862019,0.44794014875193294,-0.2616744092788752,0.270508894139373,0.34437713045675156,0.3962134947060818,,,,,,,,,,,,
hotel_91,2,-0.16792196567477463,0.1938510927274972,0.24564840986105935,0.3513222745508686,-0.25780960612421283,0.25805655019138163,0.3140241196486483,0.45723549779360934,0.004275755324811642,0.13961846600607677,0.1674704170428683,0.2196582459842307,-0.04081182360872462,0.15203154099148486,0.1827166319484024,0.25650362645353025,,,,,,,,,,,,
hotel_91,3,0.04086924311643409,0.2463267070008643,0.27038478103980107,0.48340369737445815,-0.03778244227682432,0.24570934683294232,0.26993545104234185,0.5446973855275946,0.08544481930925471,0.2432100416289353,0.2720784478998201,0.42866784791987117,-0.010085160119003917,0.24471551803200356,0.2674855178930792,0.5212256778238411,,,,,,,,,,,,
hotel_91,4,-0.03679466600814919,0.15532781824916655,0.18059143053013446,0.26452770241096335,0.3901716261266823,0.3916532905296951,0.42836119708560055,0.5241087206293146,0.009748221886660512,0.1295529954035054,0.15688136236613046,0.20593374429439118,0.10687766470292305,0.16707991777074976,0.2064048713397881,0.23268753151360688,,,,,,,,,,,,
hotel_91,5,0.23336214347450304,0.26151376713174473,0.28553040581945166,0.2950103068689726,0.30077787381158155,0.3165822941103839,0.3428367716786254,0.35099304015256305,0.22347738426356162,0.24420835241579353,0.26793543130731945,0.27378780388575735,0.16418134572098106,0.2088598085252085,0.23212872944826596,0.2437872577682839,,,,,,,,,,,,
hotel_98,1,-0.19177596596951432,0.20932293512938674,0.22374610748307883,2.2855302730788147,-0.45790499822757874,0.45790499822757874,0.47218776656335365,4.693391836314468,0.002251849012335907,0.07241559738362789,0.10690354228885657,0.4131612464405141,-0.22551350033321135,0.23868166839026192,0.25324600342748116,2.583662144374529,,,,,,,,,,,,
hotel_98,2,0.04360155973059199,0.10049627791563273,0.15158216557339743,1.0376647113504638,-0.06930166607585962,0.1380716058135413,0.1608688218079266,2.35496292029543,0.13430335673959973,0.138173817612049,0.1905642638953291,1.1118115461753475,0.057590529517777024,0.0993031458763275,0.1561253487843849,0.8934064863404965,,,,,,,,,,,,
hotel_98,3,0.04404466501240693,0.12096774193548389,0.16962049352192282,inf,-0.028535980148883373,0.13913505848989718,0.16626930405105744,inf,0.08422804361738043,0.10590889974335276,0.17390197196876528,inf,0.08737654527816491,0.11883223293603898,0.18428859276097903,inf,,,,,,,,,,,,
hotel_98,4,-0.35918114143920604,0.3602445941155619,0.39029881336552547,2.028913561971217,0.11662531017369726,0.13346331088266575,0.19215497475235324,0.38303780712920266,-0.32614216682106495,0.32614216682106495,0.352005006456588,1.8087282971839722,-0.15929099867690558,0.19385127104771374,0.21818096140639487,1.1326064554582431,,,,,,,,,,,,
hotel_98,5,-0.045196738745125836,0.13310882665721374,0.15044159763046475,1.029529857441149,-0.17422899680964196,0.20577809287486706,0.22571148050931245,1.8182899332468765,0.04600152750891976,0.08783322374349949,0.1309441685203792,0.4152236820209698,-0.04281320145800725,0.13096446375727183,0.14918113844859227,1.009584029407621,,,,,,,,,,,,
